iter	Logloss	F1	Accuracy
0	0.5079893334	0.9015897048	0.833012203
5	0.2837709636	0.9342156481	0.8914579319
10	0.2066090608	0.9551409289	0.9274245344
15	0.1563253923	0.9714285714	0.9543994862
20	0.1366059506	0.9761616162	0.9621066153
25	0.1066849255	0.9865140989	0.978805395
30	0.08761085113	0.9905853459	0.9852280026
35	0.07151211816	0.9950698439	0.9922928709
40	0.0588443146	0.9958881579	0.9935773924
45	0.05087379255	0.9958881579	0.9935773924
49	0.0471168229	0.9962978198	0.9942196532
