iter	Logloss	AUC
0	0.5123528179	0.8365810513
5	0.3330088317	0.9111708999
10	0.2759643829	0.9401994348
15	0.2252716672	0.9702671468
20	0.1865832182	0.9844250679
25	0.1685411555	0.9886007011
30	0.1446327205	0.9949490428
35	0.1304204668	0.9963600636
40	0.1125714664	0.9983283281
45	0.103836187	0.9987540245
49	0.1000104352	0.9989213943
